NodeCount,SimCnt,CompileTime,KeyGenerationTime,EncryptionTime,ExecutionTime,DecryptionTime,ReferenceExecutionTime,Mse
4,0,42.60890,585.28180,46.68630,584.81240,13.65620,3.04930,0.000001455
4,1,42.92470,530.58890,47.65930,572.02870,13.61490,2.87940,0.000000974
4,2,49.57020,540.00070,46.28250,572.72230,13.71100,3.07790,0.000001706
4,3,42.67340,523.82400,48.20630,575.92150,14.04920,3.04890,0.000000701
4,4,46.91020,550.43290,46.37430,562.11680,13.64270,2.86240,0.000001526
4,5,41.79890,527.61620,47.06130,567.66520,13.54580,2.93690,0.000002784
4,6,46.60860,534.52610,46.87350,564.44120,13.46520,2.96390,0.000000867
4,7,42.95520,525.81240,48.60550,572.79950,13.61470,3.10440,0.000000912
4,8,44.84660,559.43010,46.61000,565.77510,14.03770,3.13480,0.000001011
4,9,44.07360,528.06620,46.22060,576.63600,13.67030,3.49660,0.000000925
4,10,47.20080,527.72090,46.46020,571.03760,13.42060,3.05910,0.000001751
4,11,44.55840,527.66770,47.03110,563.95660,13.62520,3.10450,0.000000713
4,12,47.11070,559.49240,46.51480,559.80890,15.86100,3.66880,0.000000968
4,13,42.65460,525.38550,47.08620,572.70720,13.43150,3.06850,0.000001324
4,14,45.18100,538.70820,46.49120,569.32980,13.67750,2.91180,0.000001236
4,15,45.86190,599.53690,51.70070,607.16610,14.88280,3.68310,0.000001914
4,16,48.41180,565.99800,49.45440,621.57190,13.67450,3.03420,0.000001409
4,17,45.46610,548.84990,47.07330,568.35130,13.63730,3.08480,0.000001706
4,18,42.50000,527.43780,47.33720,560.25170,13.65990,3.04330,0.000000978
4,19,43.67210,532.32750,46.45700,563.63220,13.55910,2.90210,0.000001236
4,20,45.00040,524.66810,46.47920,577.53650,13.78090,2.88130,0.000001183
4,21,49.26490,979.91900,64.27100,901.25900,15.00560,2.98650,0.000001496
4,22,42.23870,582.13400,52.46240,602.63960,14.80300,3.13760,0.000001196
4,23,44.18700,901.15680,57.64360,749.59080,16.44210,3.08490,0.000001490
4,24,42.53400,643.17240,54.56620,625.27800,13.59640,3.37660,0.000000823
4,25,40.97510,744.49610,56.32500,662.06150,14.68660,3.45630,0.000001172
4,26,48.72570,825.82320,51.59470,766.19720,13.58580,2.89640,0.000001302
4,27,69.83780,802.99180,66.20080,804.53910,20.28650,6.63080,0.000000966
4,28,54.76970,742.70190,63.39450,706.46470,16.06700,3.27900,0.000000766
4,29,41.24940,815.57000,70.95220,900.75490,16.06130,3.35000,0.000001547
4,30,46.28360,542.21480,51.73090,668.90590,13.48730,3.17960,0.000001347
4,31,46.57490,583.40970,49.67910,631.67450,14.44760,6.97390,0.000000462
4,32,43.43340,577.62970,46.69710,626.96440,13.55040,2.96070,0.000001133
4,33,40.16680,528.34750,48.18780,561.75360,13.72230,3.19100,0.000001772
4,34,43.36710,536.65840,46.95650,573.96090,14.91280,3.28020,0.000001160
4,35,41.21820,531.42940,47.87700,590.69580,14.09320,3.12290,0.000002457
4,36,43.63970,584.54490,51.96740,618.09720,13.80340,4.66050,0.000001981
4,37,40.71770,537.89190,47.37660,563.16620,13.60330,3.11460,0.000000997
4,38,40.69180,530.39070,47.09750,562.95270,13.50640,3.02780,0.000001330
4,39,40.08660,530.98180,49.99040,554.74900,14.29540,3.31490,0.000001529
4,40,40.11580,525.24560,47.84890,576.02880,13.41470,2.92030,0.000000957
4,41,40.03540,530.40810,46.99940,558.17750,13.52510,2.84310,0.000001111
4,42,41.34730,525.87020,46.55470,560.55010,13.47100,2.94220,0.000001224
4,43,40.18800,563.87140,48.75930,559.87210,13.55730,3.05500,0.000001273
4,44,40.60850,537.89710,46.90490,593.98370,13.66210,3.27760,0.000000911
4,45,40.32440,547.13970,50.16700,566.34360,13.67010,2.90390,0.000001058
4,46,40.09870,553.68100,48.47000,571.73040,14.02740,3.05270,0.000001015
4,47,41.10730,545.86630,48.10970,564.43340,21.99920,5.64450,0.000000804
4,48,43.08120,553.56750,48.39580,624.58360,13.83850,3.11510,0.000001128
4,49,40.74490,552.79900,47.23270,563.69900,13.41880,2.93550,0.000001931
4,50,44.91580,543.05610,48.20440,554.29600,14.63780,3.20180,0.000001877
4,51,40.58550,530.95770,46.33980,584.64950,17.66510,3.89180,0.000001186
4,52,40.25770,578.27400,53.68840,567.45200,13.54680,2.95480,0.000001040
4,53,44.06880,551.14550,52.79310,635.48020,14.09680,3.28590,0.000001090
4,54,42.24650,546.58880,53.61440,614.47100,15.14150,3.35590,0.000001164
4,55,39.91780,555.43950,47.75000,584.76420,13.50710,2.87320,0.000001215
4,56,47.84410,554.18060,47.24590,588.24290,13.91210,3.70940,0.000001153
4,57,40.70020,556.91790,52.94140,595.82990,14.03230,3.63800,0.000001422
4,58,45.07140,569.90460,47.76390,584.78730,15.06570,3.75960,0.000001196
4,59,40.53240,568.39620,46.37470,578.09030,13.71300,2.94180,0.000000837
4,60,43.38150,545.38990,50.39400,620.32270,13.39040,3.14640,0.000001315
4,61,44.18390,553.66890,48.78170,582.83630,16.17890,3.64380,0.000001123
4,62,48.98140,635.60930,129.89240,888.04080,20.99900,4.30490,0.000001242
4,63,83.54540,1034.71610,77.10930,1297.20070,14.15190,3.11470,0.000000965
4,64,42.83580,1034.49830,55.94170,838.57730,14.79770,4.16320,0.000000877
4,65,79.16320,1496.02870,69.05860,929.30630,16.66500,3.49440,0.000001808
4,66,87.15490,1163.89160,63.80200,1837.59660,20.35420,4.75440,0.000001572
4,67,59.10230,707.13480,48.96090,779.31790,16.48190,3.25950,0.000000981
4,68,50.59540,707.74100,50.30090,628.77520,16.67140,3.40630,0.000000996
4,69,49.93180,601.01650,50.31730,742.65250,13.96770,5.11380,0.000001159
4,70,82.09070,1044.40060,115.68580,885.37180,20.23440,7.85190,0.000000688
4,71,60.88090,940.63870,139.02260,956.55470,16.92230,5.84770,0.000001639
4,72,43.83600,647.04170,49.12550,619.14870,14.70060,3.31250,0.000001504
4,73,56.71140,551.52050,47.50580,569.26290,13.66810,3.37750,0.000001774
4,74,44.43570,548.28620,48.05250,575.42430,13.55170,3.00090,0.000000943
4,75,43.00500,556.30890,51.41770,599.84980,13.79330,3.20310,0.000001384
4,76,47.76170,569.76130,48.33730,580.44770,16.08140,3.55600,0.000001129
4,77,42.68080,528.66280,47.73940,584.52050,14.02270,3.00290,0.000001403
4,78,45.28920,555.02660,48.47120,573.48170,14.35440,2.89020,0.000000834
4,79,43.26300,531.76360,46.43170,581.55850,13.93010,3.04940,0.000001246
4,80,50.05490,578.51070,49.37920,594.87490,13.60350,2.96060,0.000002013
4,81,41.68920,537.06310,50.42470,558.78790,13.68210,2.89020,0.000001027
4,82,42.86800,535.30850,46.78980,565.31430,14.73210,3.12950,0.000000830
4,83,42.37030,547.35200,46.48810,560.81660,13.63430,2.92390,0.000001084
4,84,43.35300,545.07680,47.83820,587.07060,14.17110,3.86580,0.000001360
4,85,43.14500,556.02090,51.05500,570.34290,13.74030,3.01090,0.000001204
4,86,46.52670,542.45140,47.64780,578.67750,13.40490,3.07960,0.000001052
4,87,43.75650,546.03190,48.10750,572.91610,14.95410,3.07140,0.000001150
4,88,40.45200,532.90010,51.12330,576.04450,14.33030,2.92660,0.000001190
4,89,42.54320,566.48310,47.80640,556.34530,13.56670,3.10040,0.000000904
4,90,45.37350,526.22650,47.09250,568.30400,13.63590,3.04450,0.000001207
4,91,43.37000,547.63670,48.49560,557.25610,13.54840,2.93480,0.000001047
4,92,46.89560,534.64700,50.53760,584.37300,13.91510,3.09740,0.000000970
4,93,43.38850,547.61730,46.39240,558.28880,13.44390,2.92300,0.000001341
4,94,42.58720,530.29200,47.27650,575.34360,13.50040,3.15960,0.000002227
4,95,44.86750,544.20670,46.48160,559.16370,13.38930,2.92350,0.000001198
4,96,45.00810,555.98630,46.65970,566.82480,13.39440,3.17760,0.000001139
4,97,43.01170,540.82190,46.09670,554.88630,14.24360,3.47130,0.000001118
4,98,42.80510,524.75240,47.18210,570.65860,13.46130,3.16490,0.000001563
4,99,43.60680,545.32560,47.49300,560.80630,13.95790,3.03040,0.000001341
8,0,186.41260,1364.58060,60.56000,1726.64670,18.16790,12.98060,0.000001568
8,1,184.28320,1335.97290,61.94620,1707.51060,18.60530,13.35370,0.000006078
8,2,188.20400,1347.82700,60.52670,1714.54500,18.39160,14.02100,0.000002789
8,3,190.92630,1352.53990,64.62170,1718.64700,18.11600,12.90480,0.000002133
8,4,182.79090,1367.69490,60.27590,1708.31050,18.20370,13.06710,0.000002549
8,5,192.20450,1338.50220,61.73190,1736.48160,19.45220,14.49910,0.000005152
8,6,183.33470,1341.07240,62.91160,1699.45970,18.23420,13.55800,0.000002071
8,7,183.12370,1342.67560,61.39880,1707.18930,18.37740,12.87900,0.000002297
8,8,201.90060,1336.47320,59.56560,1711.27550,19.20470,13.64460,0.000002377
8,9,189.27610,1331.78260,59.79390,1700.19670,18.12460,13.25330,0.000005664
8,10,182.76510,1355.77330,61.48760,1699.54110,17.88680,13.36390,0.000002203
8,11,188.92970,1355.24390,64.60740,1729.16620,18.13370,13.21040,0.000002147
8,12,183.74740,1336.48550,62.79230,1725.47320,18.17090,13.52510,0.000002891
8,13,182.89910,1341.13440,60.21800,1699.07430,18.84700,14.28780,0.000001722
8,14,185.17550,1352.10510,61.64100,1731.10910,17.99080,13.35050,0.000002543
8,15,183.10890,1365.55070,60.58170,1697.47050,18.56810,13.39350,0.000002312
8,16,182.58210,1340.83030,65.98560,1694.15050,18.12420,13.94710,0.000002137
8,17,183.91790,1366.35180,62.01900,1694.29460,18.24330,13.00560,0.000002661
8,18,187.98100,1332.75920,60.30340,1719.98630,21.35770,12.94280,0.000002580
8,19,191.83500,1332.06600,60.15520,1731.73990,17.99830,15.70450,0.000003059
8,20,183.73820,1352.25140,61.79160,1699.22330,18.07140,13.24960,0.000001567
8,21,187.67310,1335.38030,60.27620,1707.22470,18.23320,13.97790,0.000002619
8,22,182.51060,1351.33030,62.55390,1713.89310,18.29040,13.29060,0.000001849
8,23,183.49840,1342.92470,61.23190,1700.95540,19.62340,14.74960,0.000002221
8,24,187.22030,1359.96790,64.49340,1703.59410,17.91120,13.47170,0.000002694
8,25,184.08090,1345.97520,60.20370,1707.92720,18.15830,14.43730,0.000002473
8,26,182.38700,1369.58420,64.91230,1704.02910,18.39300,13.29520,0.000002379
8,27,182.37180,1343.65830,60.15430,1695.81530,17.94960,12.85670,0.000003941
8,28,192.27540,1361.90750,61.05110,1711.88160,18.44530,13.18670,0.000002167
8,29,182.32600,1367.59330,61.27430,1732.93400,17.96550,13.28940,0.000004846
8,30,189.64250,1335.36620,61.97350,1709.34130,18.52330,13.38970,0.000001732
8,31,186.34240,1343.17560,62.14950,1728.99180,18.22570,13.13740,0.000002154
8,32,185.50970,1344.66400,61.03200,1726.09090,19.09770,13.37860,0.000002920
8,33,196.46980,1369.07500,66.81680,1735.55150,20.22960,13.76280,0.000001982
8,34,186.00450,1349.09650,60.96460,1703.08590,18.12270,12.94940,0.000005551
8,35,187.20280,1367.03140,59.97620,1704.46750,18.68000,13.52980,0.000001955
8,36,194.36930,1358.00490,62.34990,1718.45820,18.21260,13.47380,0.000001802
8,37,222.91320,1436.12580,61.05480,1786.32610,19.39240,14.15550,0.000002514
8,38,182.43150,1359.99400,63.06890,1699.53420,18.18110,13.02870,0.000001734
8,39,189.73700,1334.01760,61.03670,1718.95340,18.76000,13.90520,0.000002511
8,40,191.76270,1337.43070,60.62800,1737.82970,18.02610,13.35150,0.000002924
8,41,183.09100,1349.33230,62.37760,1705.06140,17.86180,13.42500,0.000005977
8,42,201.33350,1365.56210,59.93030,1703.24610,21.13240,15.07340,0.000003101
8,43,184.05800,1358.84830,64.13280,1714.17250,18.38790,13.54220,0.000002289
8,44,184.03950,1356.53390,60.60920,1698.90060,18.89370,16.73550,0.000004806
8,45,189.13230,1366.60990,64.98600,1753.30480,18.18770,14.61010,0.000001544
8,46,185.81200,1353.82240,61.38590,1727.90680,18.20120,13.42720,0.000002584
8,47,191.59650,1959.23570,88.92320,2877.55800,22.62510,28.38290,0.000002601
8,48,372.87730,2370.61270,86.75170,2547.15940,38.41850,41.66850,0.000002621
8,49,228.98570,2481.02640,83.10370,2152.56340,23.12820,18.59010,0.000002542
8,50,199.65940,1625.85040,105.70490,2140.39560,24.78210,25.65510,0.000001952
8,51,235.15980,1762.57970,123.55980,2403.52850,29.74570,66.42140,0.000001511
8,52,211.93370,1547.76800,64.11780,2001.22980,19.47640,15.57120,0.000002281
8,53,288.79120,1572.76950,68.60280,2176.42160,21.03960,13.46310,0.000006165
8,54,242.40240,1511.07640,60.59390,2408.79110,20.28210,15.17520,0.000001935
8,55,214.11440,2083.47470,100.27220,3250.61870,19.36590,14.57470,0.000001694
8,56,189.55230,1480.40840,63.20680,1891.54140,18.57890,13.43100,0.000003525
8,57,183.08920,1569.53020,77.14300,2574.39520,22.88570,16.72880,0.000001986
8,58,260.05230,1611.21410,83.05550,1837.30100,26.02670,19.51320,0.000002131
8,59,213.84250,1783.08640,76.34300,2312.76520,19.71810,16.52330,0.000003497
8,60,232.78800,1507.74730,59.77640,2254.81340,18.64250,13.59560,0.000001449
8,61,183.16920,1501.32670,77.38890,1747.45320,18.06940,12.94230,0.000002781
8,62,246.40400,1619.86890,69.35280,2420.54780,22.29820,12.99790,0.000002385
8,63,189.75690,1429.90200,65.03740,1811.74720,19.85870,13.45590,0.000002076
8,64,211.76310,1714.40090,81.87540,1935.60140,21.64730,16.58950,0.000001880
8,65,202.41800,1374.14310,60.54920,1719.30050,19.26090,13.60820,0.000002176
8,66,183.99520,1334.25820,60.25230,1694.44330,18.39290,13.15830,0.000001542
8,67,186.29110,1331.45710,60.33420,1698.51570,18.47890,13.89760,0.000002197
8,68,182.21750,1311.75650,63.33010,1694.23280,18.02730,13.00540,0.000002195
8,69,183.83400,1338.49250,60.69980,1705.45940,19.45690,12.99240,0.000004093
8,70,182.56680,1336.87970,60.10050,1690.91160,18.12540,12.96070,0.000001432
8,71,188.16030,1330.45240,60.25740,1686.76510,18.65370,13.24130,0.000003765
8,72,183.23110,1333.00580,62.62770,1693.85990,18.47420,12.94110,0.000002100
8,73,185.65880,1329.25970,60.29970,1710.33970,18.28090,13.63260,0.000001489
8,74,184.39760,1321.11810,60.25620,1692.98410,18.93450,13.53290,0.000001758
8,75,188.41910,1333.60520,60.36420,1672.28030,18.19320,13.23800,0.000002501
8,76,183.13900,1333.11450,59.89850,1687.24220,19.22120,13.17020,0.000001571
8,77,187.93180,1340.61190,59.94510,1705.03860,18.73400,13.10570,0.000001443
8,78,182.69640,1343.59420,60.41150,1693.26070,18.38200,13.22470,0.000002093
8,79,192.32500,1332.93650,59.38190,1696.55600,18.19050,13.33370,0.000002210
8,80,187.82570,1387.37950,64.06950,1796.41670,18.41090,15.61180,0.000002552
8,81,260.60960,1519.48430,62.90520,1888.13540,20.77670,15.36910,0.000002378
8,82,197.88190,1441.81900,65.70350,1950.42600,18.39710,13.46290,0.000002809
8,83,189.55960,1440.37230,62.67670,1804.33390,21.74300,18.40900,0.000001252
8,84,202.34510,1456.37380,69.82720,1855.34870,20.31730,15.01270,0.000002834
8,85,187.61210,1389.68080,62.43710,1719.59520,18.52450,13.54680,0.000002166
8,86,287.11590,1908.50040,67.37870,2449.12480,21.20630,13.59770,0.000002267
8,87,192.32920,1396.64650,68.17980,1736.46710,20.49750,13.35780,0.000002479
8,88,254.98660,1652.74690,64.26720,2014.84920,18.43230,13.03990,0.000001957
8,89,186.88970,1413.64760,60.77770,1710.89020,18.23120,13.48080,0.000003811
8,90,187.62920,1503.32290,82.47740,2188.59270,18.33260,13.13860,0.000002286
8,91,213.90920,2106.88530,76.54850,2270.78780,29.79160,16.60370,0.000003595
8,92,242.77240,1670.77980,62.84510,2070.78880,21.26980,18.11300,0.000001641
8,93,187.80460,1365.03740,62.75420,1738.34420,18.60450,13.30760,0.000003160
8,94,190.17750,1361.16220,62.50240,1784.35250,19.31370,13.42410,0.000001864
8,95,184.67940,1371.72710,61.28400,1732.72700,18.59720,13.44220,0.000002539
8,96,193.53670,1355.18120,61.72520,1729.48380,18.22950,12.85810,0.000002879
8,97,187.20440,1367.29310,61.40040,1701.56730,18.48820,13.59040,0.000003366
8,98,186.65520,1418.50350,61.10050,1757.61340,21.26910,13.10930,0.000001357
8,99,196.63840,1369.55820,60.73260,1741.64900,18.13370,12.88770,0.000001827
16,0,1113.74710,4885.66600,88.70480,6355.95360,29.38630,77.22290,0.000005411
16,1,1051.81490,4875.58650,143.42520,6415.14690,39.80790,93.56700,0.000004698
16,2,1755.04410,4490.12880,93.30650,6024.84750,26.62040,66.59830,0.000008477
16,3,965.30730,3759.49110,80.02330,4982.93030,22.68920,69.41860,0.000008012
16,4,1177.18210,6443.23650,94.73590,11161.19710,31.96920,77.42660,0.000006304
16,5,1017.35280,4018.16760,82.79040,7172.30220,26.44500,75.94920,0.000006677
16,6,1285.22990,5762.90400,83.37940,7581.03480,29.03880,69.52530,0.000008744
16,7,1253.89690,5026.07220,115.95450,7222.29180,25.10860,72.58930,0.000004060
16,8,1012.54990,4213.89450,90.99610,5326.61860,23.72290,76.32170,0.000005412
16,9,872.18600,3570.06890,74.78490,4578.11400,23.06670,67.95090,0.000008888
16,10,844.74640,3286.25160,76.40670,4558.32750,22.86930,65.50420,0.000006291
16,11,834.59870,3281.73040,73.26970,4530.62930,22.94650,65.54970,0.000007101
16,12,836.89280,3276.70500,73.07570,4525.41430,22.88750,65.27500,0.000010933
16,13,829.74700,3290.72910,74.92820,4532.65790,22.79320,64.38690,0.000020393
16,14,827.59600,3285.64130,73.78970,4567.10510,23.11150,65.46820,0.000009202
16,15,839.52310,3278.03060,78.03880,4526.85650,23.45730,65.00130,0.000006183
16,16,1181.51410,3530.89290,91.79590,5145.88110,28.65230,76.29000,0.000003185
16,17,874.25280,3899.83330,82.00080,5183.29630,22.78370,66.41850,0.000010334
16,18,906.70790,3710.98520,99.83990,5534.61570,23.45930,78.28600,0.000005187
16,19,876.20890,3612.37120,73.70360,4576.83210,23.03290,66.18350,0.000008291
16,20,833.58540,3287.68880,73.87400,4517.13240,22.51800,65.16450,0.000005484
16,21,968.63320,3747.05150,77.25860,5155.05410,24.76900,80.71210,0.000006148
16,22,944.56090,3804.34880,78.88760,5011.12010,29.50890,84.47840,0.000004578
16,23,908.62690,3629.14410,83.20720,5132.16890,22.42830,64.53540,0.000006186
16,24,1130.98500,3491.59570,82.99250,5109.99590,22.61070,65.86310,0.000011714
16,25,1042.72090,3927.06720,81.24840,5683.87370,24.74620,74.71430,0.000002457
16,26,886.29420,3452.26690,77.80300,4654.43750,22.95140,65.27730,0.000004680
16,27,874.66280,3584.69920,92.84830,4951.48200,59.18310,87.38580,0.000004714
16,28,1052.15920,4550.96460,96.45270,5489.56970,27.91270,74.56610,0.000012760
16,29,946.48810,3822.25450,101.83990,5325.11230,34.02560,120.51080,0.000007320
16,30,988.97870,3705.33520,75.44580,4746.41090,22.64050,64.63700,0.000003245
16,31,881.92210,3472.29020,79.42660,4716.83730,23.29610,67.14640,0.000009113
16,32,844.56540,3413.83500,75.17400,4782.55130,24.32830,72.99260,0.000027702
16,33,912.69360,3578.28600,76.14420,4819.14340,28.23950,68.47240,0.000005663
16,34,1158.07750,3582.57240,87.19410,4954.90370,23.04470,70.87940,0.000004560
16,35,922.46230,3584.81460,80.70550,5120.02610,23.89140,72.95900,0.000003835
16,36,838.62540,3333.18120,74.48620,4690.21450,23.20440,67.25200,0.000007612
16,37,898.77530,3759.60220,100.31060,5747.78570,29.71610,88.49880,0.000002887
16,38,827.39350,3293.41770,75.35790,4532.63740,22.91370,66.03910,0.000016749
16,39,831.41550,3374.56030,73.36500,5622.54910,22.96390,65.99420,0.000004012
16,40,849.60340,3339.78530,77.13940,4769.32590,25.04730,74.31070,0.000004244
16,41,834.02540,3292.03180,74.37050,4537.26340,22.86360,65.18940,0.000010497
16,42,842.49310,3305.98250,75.06110,4724.46470,23.20060,64.66130,0.000007477
16,43,895.26440,3368.22210,73.81820,4892.81460,23.08010,63.69070,0.000008432
16,44,834.31140,3285.83550,74.84010,4556.48770,22.77270,64.25730,0.000004331
16,45,902.21860,3990.00320,82.08780,5009.12140,23.50030,64.54420,0.000016674
16,46,831.06120,3312.63220,76.47780,4518.91810,22.66800,64.95850,0.000004602
16,47,830.74600,3318.93720,80.08250,4870.73440,25.18470,70.45780,0.000011329
16,48,1133.24500,4277.68160,86.19890,5531.12700,23.82890,66.06940,0.000007393
16,49,1009.15200,3997.55720,74.64450,5176.17980,26.25220,67.26480,0.000020755
16,50,871.78740,3414.79300,74.75380,5187.33500,24.82020,70.28540,0.000004262
16,51,919.15730,4364.60150,96.83270,5120.74890,23.21000,65.58690,0.000006243
16,52,1106.94090,6123.47170,118.57870,8640.29090,33.21770,89.05020,0.000007316
16,53,967.01480,4379.86870,81.41480,5415.77930,23.00860,66.01450,0.000007113
16,54,1027.58770,4938.50540,117.36690,7804.54880,27.79580,150.30680,0.000006251
16,55,1059.81970,4562.85320,132.56590,6454.32280,25.33970,89.65530,0.000009976
16,56,1056.94410,3944.59050,79.82890,5910.87790,26.73990,66.37930,0.000003462
16,57,1450.58140,5197.15160,93.82740,6901.36440,31.13170,94.87800,0.000005414
16,58,1234.86590,4090.55700,74.96700,4953.29870,24.33440,74.67800,0.000008203
16,59,839.00840,3300.54630,73.94440,4655.93920,24.37240,65.10630,0.000004642
16,60,1182.14840,5105.81200,127.11640,5646.20110,26.80480,69.76200,0.000003834
16,61,1060.14330,4954.56310,97.68370,5568.91620,26.27000,71.37450,0.000005110
16,62,886.72540,3669.38210,79.33870,5078.79410,26.06770,80.98840,0.000004564
16,63,986.39480,5225.85120,118.74220,5449.14620,23.74810,92.67110,0.000005757
16,64,1437.73200,6342.31560,102.18360,6624.23290,23.83690,73.79630,0.000009394
16,65,1060.72030,3284.03320,78.32130,6402.54240,24.18240,67.53800,0.000005369
16,66,1272.07450,6121.14740,94.16310,8897.10540,28.94740,124.36770,0.000003870
16,67,863.75420,4192.91180,74.86480,4630.81060,22.85580,66.12860,0.000013841
16,68,1314.33060,3938.79340,73.66990,5109.80490,26.50590,68.06220,0.000006254
16,69,947.40490,3753.21060,95.99960,4967.60270,29.99220,74.41440,0.000007433
16,70,921.30710,3567.04590,81.46000,5062.56650,23.75130,68.26800,0.000005818
16,71,883.25040,3535.34130,85.82770,4831.88490,27.87070,66.69000,0.000004989
16,72,877.64940,3560.06520,86.53350,4676.20620,23.78590,78.03010,0.000004234
16,73,892.58020,3546.68000,77.84570,4916.92290,23.73730,66.67640,0.000008730
16,74,853.45130,3549.96360,75.51380,4834.84840,23.21770,65.18000,0.000013282
16,75,863.31870,3532.15110,77.51070,4983.26540,23.19100,66.53150,0.000003844
16,76,888.34080,3549.70080,75.22030,4836.49110,25.05280,88.36790,0.000006989
16,77,850.58720,3387.24150,74.65440,4883.41980,24.18740,69.73480,0.000017288
16,78,863.50340,3511.71810,83.05860,4701.00250,23.27120,68.04420,0.000003577
16,79,888.77390,3671.50790,83.24600,5268.24610,32.34560,83.82070,0.000004942
16,80,1116.73520,3688.69570,74.63900,5742.02840,22.53360,64.40840,0.000002801
16,81,830.62410,3680.96260,81.76580,4577.23090,30.47770,68.40850,0.000021544
16,82,1331.62170,4321.35460,139.43010,7238.09570,37.55570,108.95070,0.000007693
16,83,838.69510,3437.75440,114.71560,7526.84670,38.46870,98.66740,0.000012409
16,84,1905.16530,6354.11830,96.64350,7045.95640,29.33610,103.65680,0.000004138
16,85,888.60820,3955.99910,116.30950,4874.73580,23.86590,68.07530,0.000012296
16,86,859.91820,4097.49380,102.09590,5837.46700,31.97550,106.25320,0.000002348
16,87,828.82510,3351.33700,104.06200,5142.46100,33.56770,102.00440,0.000004903
16,88,1704.57570,3662.86880,76.12640,4749.46700,22.72240,65.52320,0.000003837
16,89,869.89360,3967.76400,80.95330,5164.53870,23.02060,72.96240,0.000015702
16,90,977.16120,3884.85670,95.73320,6016.01430,25.18250,72.83620,0.000006597
16,91,830.51480,3246.24900,73.04840,5090.43400,36.59730,123.16620,0.000015568
16,92,824.94230,3269.34600,72.91910,4484.45920,22.54530,63.87950,0.000004203
16,93,949.02890,4180.91750,75.71950,4914.41850,24.42510,70.91570,0.000005322
16,94,993.77970,3849.80910,82.95740,5657.46200,23.17910,69.68680,0.000007878
16,95,1310.85940,4758.44600,82.56790,5811.14930,30.78180,104.27100,0.000009446
16,96,882.20730,3617.33170,80.70410,4865.20660,22.67160,64.04530,0.000004942
16,97,879.88420,3486.53440,79.19240,4768.79470,23.25220,64.03910,0.000003792
16,98,865.73170,3596.28170,77.21450,4912.41910,25.43110,69.69340,0.000010386
16,99,1556.32190,4258.45300,83.56070,8122.91640,38.09650,113.56580,0.000005871
32,0,4059.58080,8305.35820,90.45740,14550.22590,29.24020,653.78970,0.000016975
32,1,4093.13920,8268.23190,89.15290,12581.94020,28.23520,431.26490,0.000014995
32,2,3871.89690,7831.22890,90.80180,11526.70990,27.41570,384.22660,0.000019712
32,3,4177.18700,8289.69420,95.35410,12131.36600,30.44260,407.84480,0.000065362
32,4,4117.72140,9986.97980,98.88110,14837.35940,38.28600,595.58140,0.000018883
32,5,6386.61940,11668.50650,113.92420,13852.91410,28.31360,425.83750,0.000018036
32,6,5619.98420,10290.47410,103.75620,12314.06140,30.71890,431.23200,0.000040141
32,7,5507.20880,9213.15370,180.99930,15065.79440,30.35760,400.69340,0.000084286
32,8,5910.49050,10804.98480,115.16550,15195.52070,49.37490,833.42460,0.000009541
32,9,5441.56460,12385.33530,146.31460,15985.62330,32.44480,441.27580,0.000010320
32,10,4150.44970,8103.54270,100.70830,12109.68070,28.24250,399.83520,0.000022233
32,11,3948.35870,8091.59010,98.34960,12018.67650,28.87180,403.15480,0.000013109
32,12,4037.03970,8207.51430,96.10610,12224.64720,30.25540,431.77560,0.000021885
32,13,5698.65170,11180.67890,130.45270,15515.47260,31.24210,460.83040,0.000014866
32,14,5376.80880,11423.72800,117.41780,16731.79750,31.67260,442.87610,0.000052656
32,15,4952.97580,9973.82650,94.32390,18553.03670,27.85710,436.78170,0.000015801
32,16,6125.34460,11933.17710,95.12750,13696.45520,39.57150,586.41720,0.000009458
32,17,5051.37710,11864.66570,249.10140,14321.45750,49.26230,642.95620,0.000019561
32,18,4517.37370,8734.53960,90.88980,12875.35640,30.28910,479.45320,0.000012888
32,19,4988.10840,10251.88750,125.94870,12995.97820,28.43820,473.86450,0.000013983
32,20,4522.65800,10952.02300,353.13740,22181.07170,41.25240,454.57550,0.000018450
32,21,5235.75750,10453.10810,120.01440,15894.50380,32.57390,526.25560,0.000012424
32,22,4185.44330,8680.92220,95.24740,12988.53800,31.27830,470.21680,0.000016902
32,23,4325.18920,8316.09170,104.99630,12646.65040,30.25070,393.10950,0.000012423
32,24,4368.95290,8490.98810,97.13140,13636.70620,29.83570,447.17480,0.000041587
32,25,4125.39920,10024.61350,114.56760,11991.46000,28.23740,406.73300,0.000023101
32,26,3922.76310,8163.76890,92.68190,12102.27890,28.92300,393.06820,0.000014149
32,27,3970.74150,8407.09810,89.83820,12573.30760,31.07120,421.14780,0.000011044
32,28,4026.34720,9155.71360,96.68050,12574.96670,33.84390,429.08140,0.000010415
32,29,4055.66180,8483.11010,102.95830,13475.32160,30.96440,435.84200,0.000065128
32,30,4063.94840,8192.74060,98.54320,12113.19710,32.50420,462.18880,0.000024689
32,31,4470.68580,8996.68030,90.57090,12631.87140,30.49760,424.83500,0.000014648
32,32,4202.35530,9211.58450,106.18160,13521.63980,30.63170,407.50900,0.000012966
32,33,4078.20390,8467.55100,94.13900,12808.12590,27.98160,389.20780,0.000025316
32,34,4047.27550,8366.97650,103.66800,12404.95190,32.72550,460.19550,0.000005914
32,35,4593.60020,9113.56990,98.22740,15414.78500,30.74180,460.10870,0.000019877
32,36,4033.77740,9474.19740,109.22480,13004.47610,29.80490,415.11270,0.000010648
32,37,4506.04070,8861.36850,109.13110,12588.75290,37.50360,497.12010,0.000011646
32,38,5691.86050,12392.29230,141.97400,16688.72420,73.98420,650.75230,0.000018583
32,39,4545.08150,11126.97760,157.96040,17691.35710,30.98540,475.44420,0.000033981
32,40,4662.72300,8776.21460,89.06630,13222.24010,29.76960,577.42090,0.000026260
32,41,4284.17700,8581.18050,93.87670,12542.96570,29.02890,413.08600,0.000021989
32,42,4310.02350,11182.20480,120.15940,13846.07490,39.55300,419.15770,0.000017659
32,43,5548.28800,11499.61580,104.33920,18082.14440,28.96940,429.30860,0.000019006
32,44,5679.44300,11823.38670,110.08490,17417.27140,47.07190,567.85020,0.000010959
32,45,4828.56740,9864.63340,100.14170,13306.09350,34.27350,432.57760,0.000021742
32,46,4178.77680,8969.54990,100.29990,12855.81140,29.18930,456.08460,0.000015952
32,47,3875.67240,7957.82830,89.98780,11709.87440,27.49710,499.66770,0.000008680
32,48,3895.57460,7917.37640,91.00020,11672.03350,27.73250,392.51050,0.000017589
32,49,3898.61170,8691.55990,96.16830,12121.55870,31.51980,400.99960,0.000049096
32,50,3899.16370,7921.26460,89.95060,11705.79750,27.52880,399.92270,0.000011714
32,51,3873.24380,7939.75840,92.15780,11702.57810,27.40590,397.42810,0.000016176
32,52,3890.29610,7957.99030,88.14890,11664.94990,27.64190,391.01410,0.000012638
32,53,3993.85480,8945.87640,113.57920,12398.08120,30.59440,415.74370,0.000017322
32,54,4081.89760,8406.06900,102.09630,12468.17800,28.97990,425.91140,0.000011324
32,55,3895.45560,7939.38100,91.55960,11693.16200,27.59750,396.88430,0.000014091
32,56,3881.37720,7938.30200,88.45080,11733.96270,27.49590,404.62770,0.000066803
32,57,3892.86800,7926.05380,88.87410,11655.09310,27.43120,403.36920,0.000030484
32,58,3854.30010,7905.06270,89.41510,11637.95260,27.76830,388.35970,0.000077051
32,59,3882.93580,7935.19340,88.88570,11653.13630,31.09780,388.96720,0.000015963
32,60,3878.39070,7945.65560,88.49580,11725.88420,28.04120,399.43480,0.000007936
32,61,3893.83820,7895.15240,89.23470,11655.76380,27.80730,396.04380,0.000031055
32,62,3902.38970,7902.14490,90.87610,11674.54300,29.18450,397.14940,0.000032227
32,63,3879.83040,7899.87480,92.90990,11716.69560,27.95470,420.09300,0.000022734
32,64,3874.20410,7913.44520,88.05000,11641.13950,27.76820,394.64120,0.000023648
32,65,3870.88950,7928.00710,88.16110,11683.72420,31.15500,389.69390,0.000022389
32,66,3906.99440,7905.51660,90.39620,11697.78840,30.00210,396.90640,0.000011756
32,67,3938.08420,7920.36560,88.83090,11667.84020,29.77690,400.93180,0.000021184
32,68,3903.12730,7914.72510,89.25870,11692.84830,28.79420,409.49010,0.000014812
32,69,3910.66380,7923.11360,95.67050,11697.90680,27.83750,398.29260,0.000016870
32,70,3900.89980,7950.87910,89.18250,11681.01720,27.56640,393.36730,0.000017262
32,71,3894.56220,7959.86390,89.85450,11738.67740,28.11570,389.15130,0.000015717
32,72,3889.33240,7925.89780,88.44330,11755.01690,27.54320,395.00210,0.000021234
32,73,3899.20260,7939.37480,90.00520,11689.36890,27.42720,416.57330,0.000019148
32,74,3857.61720,7919.68430,89.34260,11632.21360,27.65160,393.10000,0.000019667
32,75,3823.51450,7752.25750,88.09190,11462.71920,27.58240,387.07770,0.000014383
32,76,3884.46300,7756.18170,88.82380,11410.15960,27.25740,391.50300,0.000034349
32,77,3809.54280,7780.16310,88.90350,11418.03270,27.24250,389.20030,0.000012437
32,78,3809.48830,7725.53290,88.65160,11427.47690,27.29900,390.89370,0.000011525
32,79,3887.36630,8139.63410,93.41660,13039.10520,35.77870,474.91110,0.000035474
32,80,4540.43060,9461.16240,121.05810,13526.01460,30.27710,534.15170,0.000012131
32,81,4263.45760,8625.21440,94.61830,12778.48730,28.24790,413.42930,0.000010793
32,82,4046.80780,8452.46050,100.45580,12551.94200,31.76100,444.27420,0.000019468
32,83,4937.77480,9999.53820,118.01560,13310.63420,30.46500,523.89250,0.000020429
32,84,4511.91560,9345.38910,96.55510,14207.19300,31.13550,453.37400,0.000012274
32,85,5051.78400,9635.19120,108.61330,14464.75230,33.27370,490.29930,0.000015997
32,86,4078.78750,8920.97310,95.44750,12363.34260,28.61490,442.71410,0.000064454
32,87,4437.59900,9052.74460,105.13670,12588.91110,28.83170,407.48920,0.000015852
32,88,5865.55600,9556.82820,98.54770,15411.53150,30.24760,460.10850,0.000016034
32,89,4726.64280,11100.90320,114.60720,13778.36620,32.14130,444.45520,0.000016676
32,90,4533.73900,9045.84740,99.89990,12692.73910,29.68450,503.36120,0.000050108
32,91,4430.98850,8739.09290,104.85790,12754.60210,35.35820,462.30380,0.000015805
32,92,4415.54320,8898.01510,104.00330,12958.17300,31.05320,409.98190,0.000029780
32,93,4586.25930,9737.47160,101.25130,15857.18070,34.22970,566.45290,0.000021647
32,94,4312.99530,8215.52510,92.48730,11984.41630,28.79050,397.09150,0.000025055
32,95,4620.03670,8861.53670,90.22830,12532.98870,37.94940,501.77590,0.000030347
32,96,4382.66630,8926.79620,92.39610,12485.77380,27.59450,391.78070,0.000027391
32,97,4062.34000,8250.44990,97.14020,12057.90030,30.04720,435.71690,0.000027176
32,98,4021.46370,8451.04910,102.00730,12499.54580,31.63580,416.02750,0.000027009
32,99,4444.73450,8516.70750,108.54090,12357.33280,27.77860,397.40620,0.000013943
